{
    "bace": {
        "solvent": 882.3558919661672,
        "complex": 490.40150592577294
    },
    "cdk2": {
        "solvent": 2830.250253663469,
        "complex": 471.33823694154404
    },
    "jnk1": {
        "solvent": 2842.988624704416,
        "complex": 502.09519962620277
    },
    "mcl1": {
        "solvent": 2881.1001537160037,
        "complex": 830.5626043739561
    },
    "p38": {
        "solvent": 2662.195643954424,
        "complex": 455.7232093719147
    },
    "ptp1b": {
        "solvent": 2989.4779893094296,
        "complex": 476.65570155633173
    },
    "thrombin": {
        "solvent": 3006.8443769073333,
        "complex": 605.0847045292063
    },
    "tyk2": {
        "solvent": 3059.168230491447,
        "complex": 522.5025559804434
    }
}