{
    "bace": {
        "solvent": 958.2926756756383,
        "complex": 521.2534807392803
    },
    "cdk2": {
        "solvent": 3285.388737493439,
        "complex": 493.2515161916913
    },
    "jnk1": {
        "solvent": 3222.7667046806705,
        "complex": 523.3751842063601
    },
    "mcl1": {
        "solvent": 3222.322961081638,
        "complex": 874.1409909227252
    },
    "p38": {
        "solvent": 3008.1549277281547,
        "complex": 471.29195125456823
    },
    "ptp1b": {
        "solvent": 3270.748387160063,
        "complex": 489.58632560797184
    },
    "thrombin": {
        "solvent": 3200.9962286977116,
        "complex": 631.1482802101251
    },
    "tyk2": {
        "solvent": 3487.274968016188,
        "complex": 541.1389863651092
    }
}