{
    "bace": {
        "solvent": 622.8779305422277,
        "complex": 298.9877155607733
    },
    "cdk2": {
        "solvent": 2071.1482380993866,
        "complex": 282.21734830147153
    },
    "jnk1": {
        "solvent": 2049.463184866552,
        "complex": 303.2872141837758
    },
    "mcl1": {
        "solvent": 2081.9618277504346,
        "complex": 568.5068866582934
    },
    "p38": {
        "solvent": 1837.9627938259453,
        "complex": 282.63475343449113
    },
    "ptp1b": {
        "solvent": 2067.9709255304433,
        "complex": 296.81693408820723
    },
    "thrombin": {
        "solvent": 2093.369796425528,
        "complex": 385.1755516236221
    },
    "tyk2": {
        "solvent": 2220.6738453040202,
        "complex": 320.5669686758591
    }
}